,fit_l,mmd_l,fit_alpha,mmd_alpha,mmd,mmd_ratio,label
0,"tensor(0.0590, dtype=torch.float64)","tensor(0.0590, dtype=torch.float64)",1,1,0.0017681371015584105,8.331554568384858,0
1,"tensor(0.0590, dtype=torch.float64)","tensor(0.1605, dtype=torch.float64)",1,1,0.0039937036877837895,12.043849454122675,1
2,"tensor(0.0590, dtype=torch.float64)","tensor(0.4363, dtype=torch.float64)",1,1,0.012008309782915977,8.854922437823303,2
3,"tensor(0.0590, dtype=torch.float64)","tensor(1.1860, dtype=torch.float64)",1,1,0.009258648326959995,11.775873943452485,3
4,"tensor(0.0590, dtype=torch.float64)","tensor(3.2238, dtype=torch.float64)",1,1,0.001383290203551546,20.75644845423822,4
5,"tensor(0.0590, dtype=torch.float64)","tensor(0.0590, dtype=torch.float64)",1,2,0.0019794628507675376,4.434547505684052,5
6,"tensor(0.0590, dtype=torch.float64)","tensor(0.1605, dtype=torch.float64)",1,2,0.003971961920643925,9.420005353746797,6
7,"tensor(0.0590, dtype=torch.float64)","tensor(0.4363, dtype=torch.float64)",1,2,0.012848922495788173,8.401943757429464,7
8,"tensor(0.0590, dtype=torch.float64)","tensor(1.1860, dtype=torch.float64)",1,2,0.009229091493613173,13.730854357789354,8
9,"tensor(0.0590, dtype=torch.float64)","tensor(3.2238, dtype=torch.float64)",1,2,0.0014328170294074516,20.147678458250766,9
10,"tensor(0.0590, dtype=torch.float64)","tensor(0.0590, dtype=torch.float64)",1,3,0.0020012675138794105,3.7125958574035596,10
11,"tensor(0.0590, dtype=torch.float64)","tensor(0.1605, dtype=torch.float64)",1,3,0.004435737013219497,7.557696637328078,11
12,"tensor(0.0590, dtype=torch.float64)","tensor(0.4363, dtype=torch.float64)",1,3,0.012319465311276007,8.62877921493234,12
13,"tensor(0.0590, dtype=torch.float64)","tensor(1.1860, dtype=torch.float64)",1,3,0.01047113172569697,12.826327027509649,13
14,"tensor(0.0590, dtype=torch.float64)","tensor(3.2238, dtype=torch.float64)",1,3,0.0012210333316178268,23.573623180730593,14
15,"tensor(0.0590, dtype=torch.float64)","tensor(0.0590, dtype=torch.float64)",1,4,0.002015898396824244,3.415013257549795,15
16,"tensor(0.0590, dtype=torch.float64)","tensor(0.1605, dtype=torch.float64)",1,4,0.004417379610649065,7.171826644397148,16
17,"tensor(0.0590, dtype=torch.float64)","tensor(0.4363, dtype=torch.float64)",1,4,0.011779987583178053,8.9051599443956,17
18,"tensor(0.0590, dtype=torch.float64)","tensor(1.1860, dtype=torch.float64)",1,4,0.011748344430590973,11.788501169439272,18
19,"tensor(0.0590, dtype=torch.float64)","tensor(3.2238, dtype=torch.float64)",1,4,0.0011702724398947595,24.527621723537457,19
20,"tensor(0.1605, dtype=torch.float64)","tensor(0.0590, dtype=torch.float64)",1,1,0.0014253468548157434,10.33526028857311,20
21,"tensor(0.1605, dtype=torch.float64)","tensor(0.1605, dtype=torch.float64)",1,1,0.0005690574122695358,84.52497927794323,21
22,"tensor(0.1605, dtype=torch.float64)","tensor(0.4363, dtype=torch.float64)",1,1,0.0031547648288003105,33.705413083837314,22
23,"tensor(0.1605, dtype=torch.float64)","tensor(1.1860, dtype=torch.float64)",1,1,0.0018066486331413945,60.34857779481972,23
24,"tensor(0.1605, dtype=torch.float64)","tensor(3.2238, dtype=torch.float64)",1,1,0.00041834837700460703,68.63225336943083,24
25,"tensor(0.1605, dtype=torch.float64)","tensor(0.0590, dtype=torch.float64)",1,2,0.0013801599209720891,6.360148497344276,25
26,"tensor(0.1605, dtype=torch.float64)","tensor(0.1605, dtype=torch.float64)",1,2,0.0010578206504508955,35.370743179758946,26
27,"tensor(0.1605, dtype=torch.float64)","tensor(0.4363, dtype=torch.float64)",1,2,0.003306510444550881,32.649503445874025,27
28,"tensor(0.1605, dtype=torch.float64)","tensor(1.1860, dtype=torch.float64)",1,2,0.0019238037465384439,65.87122588857207,28
29,"tensor(0.1605, dtype=torch.float64)","tensor(3.2238, dtype=torch.float64)",1,2,0.0017897790516084866,16.129329914809066,29
30,"tensor(0.1605, dtype=torch.float64)","tensor(0.0590, dtype=torch.float64)",1,3,0.0014247915004592035,5.214726140063581,30
31,"tensor(0.1605, dtype=torch.float64)","tensor(0.1605, dtype=torch.float64)",1,3,0.0013568882739415505,24.70649599727086,31
32,"tensor(0.1605, dtype=torch.float64)","tensor(0.4363, dtype=torch.float64)",1,3,0.0035581631182267093,29.875512359870772,32
33,"tensor(0.1605, dtype=torch.float64)","tensor(1.1860, dtype=torch.float64)",1,3,0.002595983576973826,51.736136180985916,33
34,"tensor(0.1605, dtype=torch.float64)","tensor(3.2238, dtype=torch.float64)",1,3,0.001997644404766241,14.409060782786788,34
35,"tensor(0.1605, dtype=torch.float64)","tensor(0.0590, dtype=torch.float64)",1,4,0.0017238362523463082,3.9936042310619375,35
36,"tensor(0.1605, dtype=torch.float64)","tensor(0.1605, dtype=torch.float64)",1,4,0.001356161846678923,23.360545695671824,36
37,"tensor(0.1605, dtype=torch.float64)","tensor(0.4363, dtype=torch.float64)",1,4,0.0032761289934890025,32.02031231971601,37
38,"tensor(0.1605, dtype=torch.float64)","tensor(1.1860, dtype=torch.float64)",1,4,0.0024028291205166474,57.63846079458962,38
39,"tensor(0.1605, dtype=torch.float64)","tensor(3.2238, dtype=torch.float64)",1,4,0.00030358229644411594,94.55096708679051,39
40,"tensor(0.4363, dtype=torch.float64)","tensor(0.0590, dtype=torch.float64)",1,1,0.0015677025497226015,9.396763913298722,40
41,"tensor(0.4363, dtype=torch.float64)","tensor(0.1605, dtype=torch.float64)",1,1,0.0008361883126918046,57.522408828226055,41
42,"tensor(0.4363, dtype=torch.float64)","tensor(0.4363, dtype=torch.float64)",1,1,0.0010145548579447439,104.80719786062767,42
43,"tensor(0.4363, dtype=torch.float64)","tensor(1.1860, dtype=torch.float64)",1,1,0.00027733758239223416,393.1262205597531,43
44,"tensor(0.4363, dtype=torch.float64)","tensor(3.2238, dtype=torch.float64)",1,1,0.0007450575833711781,38.536876139634316,44
45,"tensor(0.4363, dtype=torch.float64)","tensor(0.0590, dtype=torch.float64)",1,2,0.0018181111750288914,4.828099715808598,45
46,"tensor(0.4363, dtype=torch.float64)","tensor(0.1605, dtype=torch.float64)",1,2,0.0009752027517307763,38.367306173961225,46
47,"tensor(0.4363, dtype=torch.float64)","tensor(0.4363, dtype=torch.float64)",1,2,0.0008116481967957445,133.00827203137385,47
48,"tensor(0.4363, dtype=torch.float64)","tensor(1.1860, dtype=torch.float64)",1,2,0.0007764027630261516,163.2185216080261,48
49,"tensor(0.4363, dtype=torch.float64)","tensor(3.2238, dtype=torch.float64)",1,2,0.0009074239741498902,31.813063816229853,49
50,"tensor(0.4363, dtype=torch.float64)","tensor(0.0590, dtype=torch.float64)",1,3,0.0018819670171262223,3.94794245274847,50
51,"tensor(0.4363, dtype=torch.float64)","tensor(0.1605, dtype=torch.float64)",1,3,0.0009442244033630448,35.50422398476293,51
52,"tensor(0.4363, dtype=torch.float64)","tensor(0.4363, dtype=torch.float64)",1,3,0.0011974594173058128,88.77290092735602,52
53,"tensor(0.4363, dtype=torch.float64)","tensor(1.1860, dtype=torch.float64)",1,3,0.000813259492344176,165.14551766840202,53
54,"tensor(0.4363, dtype=torch.float64)","tensor(3.2238, dtype=torch.float64)",1,3,0.00034392798391147394,83.69246178606876,54
55,"tensor(0.4363, dtype=torch.float64)","tensor(0.0590, dtype=torch.float64)",1,4,0.0018403835395615666,3.740698394133767,55
56,"tensor(0.4363, dtype=torch.float64)","tensor(0.1605, dtype=torch.float64)",1,4,0.0009453118678914227,33.513469857027616,56
57,"tensor(0.4363, dtype=torch.float64)","tensor(0.4363, dtype=torch.float64)",1,4,0.0008565790267397455,122.46701156163996,57
58,"tensor(0.4363, dtype=torch.float64)","tensor(1.1860, dtype=torch.float64)",1,4,0.0007600302955465543,182.22348881422155,58
59,"tensor(0.4363, dtype=torch.float64)","tensor(3.2238, dtype=torch.float64)",1,4,-5.459517783190648e-06,-5257.607147575717,59
60,"tensor(1.1860, dtype=torch.float64)","tensor(0.0590, dtype=torch.float64)",1,1,0.0034829696604193015,4.229531745116117,60
61,"tensor(1.1860, dtype=torch.float64)","tensor(0.1605, dtype=torch.float64)",1,1,0.002596498751793047,18.52477916533821,61
62,"tensor(1.1860, dtype=torch.float64)","tensor(0.4363, dtype=torch.float64)",1,1,0.0010445316110956615,101.79936213279187,62
63,"tensor(1.1860, dtype=torch.float64)","tensor(1.1860, dtype=torch.float64)",1,1,0.000669866871705338,162.76170712469244,63
64,"tensor(1.1860, dtype=torch.float64)","tensor(3.2238, dtype=torch.float64)",1,1,0.0001292543907240873,222.1370712934681,64
65,"tensor(1.1860, dtype=torch.float64)","tensor(0.0590, dtype=torch.float64)",1,2,0.0030642818999604988,2.8646261453877933,65
66,"tensor(1.1860, dtype=torch.float64)","tensor(0.1605, dtype=torch.float64)",1,2,0.002969000203532017,12.602189286761597,66
67,"tensor(1.1860, dtype=torch.float64)","tensor(0.4363, dtype=torch.float64)",1,2,0.0014546796004382134,74.21285355253582,67
68,"tensor(1.1860, dtype=torch.float64)","tensor(1.1860, dtype=torch.float64)",1,2,0.0009434116964865957,134.3245071324125,68
69,"tensor(1.1860, dtype=torch.float64)","tensor(3.2238, dtype=torch.float64)",1,2,0.0016508941102387764,17.486243738450348,69
70,"tensor(1.1860, dtype=torch.float64)","tensor(0.0590, dtype=torch.float64)",1,3,0.0027880999509906773,2.6648605187002006,70
71,"tensor(1.1860, dtype=torch.float64)","tensor(0.1605, dtype=torch.float64)",1,3,0.0029910381238633654,11.208133537789738,71
72,"tensor(1.1860, dtype=torch.float64)","tensor(0.4363, dtype=torch.float64)",1,3,0.0017718726265433249,59.994124083511906,72
73,"tensor(1.1860, dtype=torch.float64)","tensor(1.1860, dtype=torch.float64)",1,3,0.0006021232465167059,223.05426777471956,73
74,"tensor(1.1860, dtype=torch.float64)","tensor(3.2238, dtype=torch.float64)",1,3,0.0010688071828623968,26.931124820459324,74
75,"tensor(1.1860, dtype=torch.float64)","tensor(0.0590, dtype=torch.float64)",1,4,0.002663064320506831,2.5851120823540437,75
76,"tensor(1.1860, dtype=torch.float64)","tensor(0.1605, dtype=torch.float64)",1,4,0.0030110456473183903,10.521488047942478,76
77,"tensor(1.1860, dtype=torch.float64)","tensor(0.4363, dtype=torch.float64)",1,4,0.001733899565167507,60.501009215640686,77
78,"tensor(1.1860, dtype=torch.float64)","tensor(1.1860, dtype=torch.float64)",1,4,0.0006593165890266817,210.05898283774613,78
79,"tensor(1.1860, dtype=torch.float64)","tensor(3.2238, dtype=torch.float64)",1,4,-0.0001568783549472652,-182.96979037591743,79
80,"tensor(3.2238, dtype=torch.float64)","tensor(0.0590, dtype=torch.float64)",1,1,0.007326040754813964,2.0108174714070124,80
81,"tensor(3.2238, dtype=torch.float64)","tensor(0.1605, dtype=torch.float64)",1,1,0.0070136349433495004,6.858008203813301,81
82,"tensor(3.2238, dtype=torch.float64)","tensor(0.4363, dtype=torch.float64)",1,1,0.010185573414195598,10.439535155564274,82
83,"tensor(3.2238, dtype=torch.float64)","tensor(1.1860, dtype=torch.float64)",1,1,0.005494187064279288,19.844369023015823,83
84,"tensor(3.2238, dtype=torch.float64)","tensor(3.2238, dtype=torch.float64)",1,1,0.0006640621365596733,43.237206620483555,84
85,"tensor(3.2238, dtype=torch.float64)","tensor(0.0590, dtype=torch.float64)",1,2,0.0054843184073986705,1.6005675446603091,85
86,"tensor(3.2238, dtype=torch.float64)","tensor(0.1605, dtype=torch.float64)",1,2,0.007805182756557068,4.793725364843175,86
87,"tensor(3.2238, dtype=torch.float64)","tensor(0.4363, dtype=torch.float64)",1,2,0.012451197010996617,8.670324954125952,87
88,"tensor(3.2238, dtype=torch.float64)","tensor(1.1860, dtype=torch.float64)",1,2,0.006257006020817579,20.25302688408739,88
89,"tensor(3.2238, dtype=torch.float64)","tensor(3.2238, dtype=torch.float64)",1,2,0.0012720207171722508,22.694549238303175,89
90,"tensor(3.2238, dtype=torch.float64)","tensor(0.0590, dtype=torch.float64)",1,3,0.004588045023197575,1.6194037861483006,90
91,"tensor(3.2238, dtype=torch.float64)","tensor(0.1605, dtype=torch.float64)",1,3,0.009529885297235141,3.517771060540133,91
92,"tensor(3.2238, dtype=torch.float64)","tensor(0.4363, dtype=torch.float64)",1,3,0.012501258243001523,8.503299759968444,92
93,"tensor(3.2238, dtype=torch.float64)","tensor(1.1860, dtype=torch.float64)",1,3,0.006131221934008002,21.905284347474986,93
94,"tensor(3.2238, dtype=torch.float64)","tensor(3.2238, dtype=torch.float64)",1,3,0.0010873880590533958,26.47093593774444,94
95,"tensor(3.2238, dtype=torch.float64)","tensor(0.0590, dtype=torch.float64)",1,4,0.004232911719562636,1.6263792413179574,95
96,"tensor(3.2238, dtype=torch.float64)","tensor(0.1605, dtype=torch.float64)",1,4,0.010255220130288435,3.0892248423319435,96
97,"tensor(3.2238, dtype=torch.float64)","tensor(0.4363, dtype=torch.float64)",1,4,0.014083502490043115,7.448621083097744,97
98,"tensor(3.2238, dtype=torch.float64)","tensor(1.1860, dtype=torch.float64)",1,4,0.006660355537223717,20.79399084402738,98
99,"tensor(3.2238, dtype=torch.float64)","tensor(3.2238, dtype=torch.float64)",1,4,0.0007453774393393342,38.50934869273974,99
100,"tensor(0.0590, dtype=torch.float64)","tensor(0.0590, dtype=torch.float64)",2,1,0.002417191611474391,6.094399250804204,100
101,"tensor(0.0590, dtype=torch.float64)","tensor(0.1605, dtype=torch.float64)",2,1,0.00949574384721677,5.065381580837465,101
102,"tensor(0.0590, dtype=torch.float64)","tensor(0.4363, dtype=torch.float64)",2,1,0.02417802856414289,4.397904132463964,102
103,"tensor(0.0590, dtype=torch.float64)","tensor(1.1860, dtype=torch.float64)",2,1,0.017983480087339965,6.062712837310745,103
104,"tensor(0.0590, dtype=torch.float64)","tensor(3.2238, dtype=torch.float64)",2,1,0.004285402144343253,6.699999402662959,104
105,"tensor(0.0590, dtype=torch.float64)","tensor(0.0590, dtype=torch.float64)",2,2,0.002661996284166029,3.2975335464134483,105
106,"tensor(0.0590, dtype=torch.float64)","tensor(0.1605, dtype=torch.float64)",2,2,0.008928678938801567,4.190530627632385,106
107,"tensor(0.0590, dtype=torch.float64)","tensor(0.4363, dtype=torch.float64)",2,2,0.025258212540640257,4.274091999957727,107
108,"tensor(0.0590, dtype=torch.float64)","tensor(1.1860, dtype=torch.float64)",2,2,0.01899105424858405,6.6727896984951975,108
109,"tensor(0.0590, dtype=torch.float64)","tensor(3.2238, dtype=torch.float64)",2,2,0.004173064734931287,6.917682478386644,109
110,"tensor(0.0590, dtype=torch.float64)","tensor(0.0590, dtype=torch.float64)",2,3,0.0026693479477861246,2.7834128884348517,110
111,"tensor(0.0590, dtype=torch.float64)","tensor(0.1605, dtype=torch.float64)",2,3,0.008364094854247675,4.008079211566529,111
112,"tensor(0.0590, dtype=torch.float64)","tensor(0.4363, dtype=torch.float64)",2,3,0.02513751579711307,4.228816684790575,112
113,"tensor(0.0590, dtype=torch.float64)","tensor(1.1860, dtype=torch.float64)",2,3,0.020726175307829553,6.480026240595634,113
114,"tensor(0.0590, dtype=torch.float64)","tensor(3.2238, dtype=torch.float64)",2,3,0.004242554149216815,6.784634594701479,114
115,"tensor(0.0590, dtype=torch.float64)","tensor(0.0590, dtype=torch.float64)",2,4,0.002580418240616958,2.6679084974155907,115
116,"tensor(0.0590, dtype=torch.float64)","tensor(0.1605, dtype=torch.float64)",2,4,0.008055639922047414,3.9327329792091468,116
117,"tensor(0.0590, dtype=torch.float64)","tensor(0.4363, dtype=torch.float64)",2,4,0.025196832935579755,4.163327741998263,117
118,"tensor(0.0590, dtype=torch.float64)","tensor(1.1860, dtype=torch.float64)",2,4,0.02335210363310075,5.930745008457607,118
119,"tensor(0.0590, dtype=torch.float64)","tensor(3.2238, dtype=torch.float64)",2,4,0.004046751306578944,7.093097041212984,119
120,"tensor(0.1605, dtype=torch.float64)","tensor(0.0590, dtype=torch.float64)",2,1,0.0015051214640875409,9.787469714246885,120
121,"tensor(0.1605, dtype=torch.float64)","tensor(0.1605, dtype=torch.float64)",2,1,0.0009394473559638794,51.199852418225205,121
122,"tensor(0.1605, dtype=torch.float64)","tensor(0.4363, dtype=torch.float64)",2,1,0.004551423934736648,23.362502210690756,122
123,"tensor(0.1605, dtype=torch.float64)","tensor(1.1860, dtype=torch.float64)",2,1,0.0028564253591431,38.16962177430945,123
124,"tensor(0.1605, dtype=torch.float64)","tensor(3.2238, dtype=torch.float64)",2,1,5.9643965122813114e-05,481.3930755299212,124
125,"tensor(0.1605, dtype=torch.float64)","tensor(0.0590, dtype=torch.float64)",2,2,0.001540427805382492,5.698431316802817,125
126,"tensor(0.1605, dtype=torch.float64)","tensor(0.1605, dtype=torch.float64)",2,2,0.001697336512004148,22.043891881619256,126
127,"tensor(0.1605, dtype=torch.float64)","tensor(0.4363, dtype=torch.float64)",2,2,0.004886115003462033,22.094429639230924,127
128,"tensor(0.1605, dtype=torch.float64)","tensor(1.1860, dtype=torch.float64)",2,2,0.0035017537373116525,36.18852742363386,128
129,"tensor(0.1605, dtype=torch.float64)","tensor(3.2238, dtype=torch.float64)",2,2,0.0018601157596661588,15.519430254807578,129
130,"tensor(0.1605, dtype=torch.float64)","tensor(0.0590, dtype=torch.float64)",2,3,0.0015512590888577468,4.7895915872157415,130
131,"tensor(0.1605, dtype=torch.float64)","tensor(0.1605, dtype=torch.float64)",2,3,0.001781567746354698,18.817109131816473,131
132,"tensor(0.1605, dtype=torch.float64)","tensor(0.4363, dtype=torch.float64)",2,3,0.00510175359029319,20.83635446825047,132
133,"tensor(0.1605, dtype=torch.float64)","tensor(1.1860, dtype=torch.float64)",2,3,0.0032166069646155093,41.7539852830527,133
134,"tensor(0.1605, dtype=torch.float64)","tensor(3.2238, dtype=torch.float64)",2,3,0.0009493972409777562,30.31837297212569,134
135,"tensor(0.1605, dtype=torch.float64)","tensor(0.0590, dtype=torch.float64)",2,4,0.0016754290550457206,4.108989115531546,135
136,"tensor(0.1605, dtype=torch.float64)","tensor(0.1605, dtype=torch.float64)",2,4,0.0019292723161068656,16.42105187825378,136
137,"tensor(0.1605, dtype=torch.float64)","tensor(0.4363, dtype=torch.float64)",2,4,0.004746486778862025,22.101119935352532,137
138,"tensor(0.1605, dtype=torch.float64)","tensor(1.1860, dtype=torch.float64)",2,4,0.003863092900800169,35.85090382639005,138
139,"tensor(0.1605, dtype=torch.float64)","tensor(3.2238, dtype=torch.float64)",2,4,-0.00018842270545804674,-152.33832700492127,139
140,"tensor(0.4363, dtype=torch.float64)","tensor(0.0590, dtype=torch.float64)",2,1,0.001651219393650722,8.921486025821117,140
141,"tensor(0.4363, dtype=torch.float64)","tensor(0.1605, dtype=torch.float64)",2,1,0.0007914253758807277,60.77587027900832,141
142,"tensor(0.4363, dtype=torch.float64)","tensor(0.4363, dtype=torch.float64)",2,1,0.0008773059078427126,121.20361983945465,142
143,"tensor(0.4363, dtype=torch.float64)","tensor(1.1860, dtype=torch.float64)",2,1,0.0009727057268383854,112.08803708745226,143
144,"tensor(0.4363, dtype=torch.float64)","tensor(3.2238, dtype=torch.float64)",2,1,0.0007591550404772995,37.821248989163394,144
145,"tensor(0.4363, dtype=torch.float64)","tensor(0.0590, dtype=torch.float64)",2,2,0.0018312843974798102,4.793369101787591,145
146,"tensor(0.4363, dtype=torch.float64)","tensor(0.1605, dtype=torch.float64)",2,2,0.0010330911142078444,36.217427526742426,146
147,"tensor(0.4363, dtype=torch.float64)","tensor(0.4363, dtype=torch.float64)",2,2,0.0012794322719837936,84.37799054872512,147
148,"tensor(0.4363, dtype=torch.float64)","tensor(1.1860, dtype=torch.float64)",2,2,0.0009544386025117646,132.77261713851632,148
149,"tensor(0.4363, dtype=torch.float64)","tensor(3.2238, dtype=torch.float64)",2,2,0.0034362396842796405,8.401025379595755,149
150,"tensor(0.4363, dtype=torch.float64)","tensor(0.0590, dtype=torch.float64)",2,3,0.0019198834669425235,3.869973156973622,150
151,"tensor(0.4363, dtype=torch.float64)","tensor(0.1605, dtype=torch.float64)",2,3,0.0010179991948899708,32.931219275182315,151
152,"tensor(0.4363, dtype=torch.float64)","tensor(0.4363, dtype=torch.float64)",2,3,0.0016978387664437489,62.610153754278926,152
153,"tensor(0.4363, dtype=torch.float64)","tensor(1.1860, dtype=torch.float64)",2,3,0.0006819847331627771,196.93426162058148,153
154,"tensor(0.4363, dtype=torch.float64)","tensor(3.2238, dtype=torch.float64)",2,3,0.00028171555973988127,102.1746178210683,154
155,"tensor(0.4363, dtype=torch.float64)","tensor(0.0590, dtype=torch.float64)",2,4,0.0018976540880139645,3.6278054016857837,155
156,"tensor(0.4363, dtype=torch.float64)","tensor(0.1605, dtype=torch.float64)",2,4,0.0009847391237254657,32.171648334855725,156
157,"tensor(0.4363, dtype=torch.float64)","tensor(0.4363, dtype=torch.float64)",2,4,0.0012584859901732526,83.35625059819142,157
158,"tensor(0.4363, dtype=torch.float64)","tensor(1.1860, dtype=torch.float64)",2,4,0.0015989116805095738,86.61852543028425,158
159,"tensor(0.4363, dtype=torch.float64)","tensor(3.2238, dtype=torch.float64)",2,4,-6.251692245107243e-05,-459.13967920740936,159
160,"tensor(1.1860, dtype=torch.float64)","tensor(0.0590, dtype=torch.float64)",2,1,0.00367590280267149,4.0075408782064725,160
161,"tensor(1.1860, dtype=torch.float64)","tensor(0.1605, dtype=torch.float64)",2,1,0.0030021055234042693,16.021943800796016,161
162,"tensor(1.1860, dtype=torch.float64)","tensor(0.4363, dtype=torch.float64)",2,1,0.0012920564579366467,82.29721780647573,162
163,"tensor(1.1860, dtype=torch.float64)","tensor(1.1860, dtype=torch.float64)",2,1,5.078538980629599e-05,2146.8512105724076,163
164,"tensor(1.1860, dtype=torch.float64)","tensor(3.2238, dtype=torch.float64)",2,1,-0.0001615866134307975,-177.68917361193968,164
165,"tensor(1.1860, dtype=torch.float64)","tensor(0.0590, dtype=torch.float64)",2,2,0.003148339040239208,2.7881438229087556,165
166,"tensor(1.1860, dtype=torch.float64)","tensor(0.1605, dtype=torch.float64)",2,2,0.003354744418759277,11.15313057773329,166
167,"tensor(1.1860, dtype=torch.float64)","tensor(0.4363, dtype=torch.float64)",2,2,0.0016909953379329323,63.841645054531874,167
168,"tensor(1.1860, dtype=torch.float64)","tensor(1.1860, dtype=torch.float64)",2,2,0.0023064922935295273,54.94200501298697,168
169,"tensor(1.1860, dtype=torch.float64)","tensor(3.2238, dtype=torch.float64)",2,2,0.0010010761323072659,28.83690447346193,169
170,"tensor(1.1860, dtype=torch.float64)","tensor(0.0590, dtype=torch.float64)",2,3,0.0028802507029934248,2.5796009610771655,170
171,"tensor(1.1860, dtype=torch.float64)","tensor(0.1605, dtype=torch.float64)",2,3,0.003647053635689554,9.192065173053662,171
172,"tensor(1.1860, dtype=torch.float64)","tensor(0.4363, dtype=torch.float64)",2,3,0.0014641469266613028,72.60333254902152,172
173,"tensor(1.1860, dtype=torch.float64)","tensor(1.1860, dtype=torch.float64)",2,3,0.0002349933022482431,571.5318631508993,173
174,"tensor(1.1860, dtype=torch.float64)","tensor(3.2238, dtype=torch.float64)",2,3,0.001220459967629095,23.584697912368057,174
175,"tensor(1.1860, dtype=torch.float64)","tensor(0.0590, dtype=torch.float64)",2,4,0.002749606420684822,2.50374733606912,175
176,"tensor(1.1860, dtype=torch.float64)","tensor(0.1605, dtype=torch.float64)",2,4,0.0034624546216410826,9.149775015695116,176
177,"tensor(1.1860, dtype=torch.float64)","tensor(0.4363, dtype=torch.float64)",2,4,0.001673138595693513,62.69813740547462,177
178,"tensor(1.1860, dtype=torch.float64)","tensor(1.1860, dtype=torch.float64)",2,4,0.0005485759462349749,252.46344286425287,178
179,"tensor(1.1860, dtype=torch.float64)","tensor(3.2238, dtype=torch.float64)",2,4,7.937522345247139e-05,361.6241752869821,179
180,"tensor(3.2238, dtype=torch.float64)","tensor(0.0590, dtype=torch.float64)",2,1,0.007867821744467242,1.8723518687213532,180
181,"tensor(3.2238, dtype=torch.float64)","tensor(0.1605, dtype=torch.float64)",2,1,0.007852915819714729,6.125058142007412,181
182,"tensor(3.2238, dtype=torch.float64)","tensor(0.4363, dtype=torch.float64)",2,1,0.012368641867197633,8.596954530559755,182
183,"tensor(3.2238, dtype=torch.float64)","tensor(1.1860, dtype=torch.float64)",2,1,0.005730072098858341,19.02745265749117,183
184,"tensor(3.2238, dtype=torch.float64)","tensor(3.2238, dtype=torch.float64)",2,1,0.000512906615051989,55.97937512340341,184
185,"tensor(3.2238, dtype=torch.float64)","tensor(0.0590, dtype=torch.float64)",2,2,0.005622584771730417,1.5612075946991701,185
186,"tensor(3.2238, dtype=torch.float64)","tensor(0.1605, dtype=torch.float64)",2,2,0.00918555786320064,4.073340249397426,186
187,"tensor(3.2238, dtype=torch.float64)","tensor(0.4363, dtype=torch.float64)",2,2,0.014144905157818688,7.6321419584428325,187
188,"tensor(3.2238, dtype=torch.float64)","tensor(1.1860, dtype=torch.float64)",2,2,0.007006398979130024,18.086796303063256,188
189,"tensor(3.2238, dtype=torch.float64)","tensor(3.2238, dtype=torch.float64)",2,2,0.001313366007255401,21.98011570158875,189
190,"tensor(3.2238, dtype=torch.float64)","tensor(0.0590, dtype=torch.float64)",2,3,0.004654052855537532,1.59643599078268,190
191,"tensor(3.2238, dtype=torch.float64)","tensor(0.1605, dtype=torch.float64)",2,3,0.010270178105969648,3.264203830057683,191
192,"tensor(3.2238, dtype=torch.float64)","tensor(0.4363, dtype=torch.float64)",2,3,0.014843182621234186,7.161668014846506,192
193,"tensor(3.2238, dtype=torch.float64)","tensor(1.1860, dtype=torch.float64)",2,3,0.008063448535611306,16.656168792889652,193
194,"tensor(3.2238, dtype=torch.float64)","tensor(3.2238, dtype=torch.float64)",2,3,0.0004525459314110858,63.60499046123032,194
195,"tensor(3.2238, dtype=torch.float64)","tensor(0.0590, dtype=torch.float64)",2,4,0.004265306954492929,1.6140268038098553,195
196,"tensor(3.2238, dtype=torch.float64)","tensor(0.1605, dtype=torch.float64)",2,4,0.011294712376314832,2.8049125763046865,196
197,"tensor(3.2238, dtype=torch.float64)","tensor(0.4363, dtype=torch.float64)",2,4,0.014955954976708263,7.014107339488883,197
198,"tensor(3.2238, dtype=torch.float64)","tensor(1.1860, dtype=torch.float64)",2,4,0.00606839989266722,22.822387203972596,198
199,"tensor(3.2238, dtype=torch.float64)","tensor(3.2238, dtype=torch.float64)",2,4,0.00045564987931512313,62.99573646845734,199
200,"tensor(0.0590, dtype=torch.float64)","tensor(0.0590, dtype=torch.float64)",3,1,0.0032853953593556633,4.483883714046783,200
201,"tensor(0.0590, dtype=torch.float64)","tensor(0.1605, dtype=torch.float64)",3,1,0.011539164815747113,4.1683749862384,201
202,"tensor(0.0590, dtype=torch.float64)","tensor(0.4363, dtype=torch.float64)",3,1,0.029996807231362582,3.5447989820030483,202
203,"tensor(0.0590, dtype=torch.float64)","tensor(1.1860, dtype=torch.float64)",3,1,0.02715202083141588,4.015490274627662,203
204,"tensor(0.0590, dtype=torch.float64)","tensor(3.2238, dtype=torch.float64)",3,1,0.004977722452155442,5.768138357098932,204
205,"tensor(0.0590, dtype=torch.float64)","tensor(0.0590, dtype=torch.float64)",3,2,0.003187982110511944,2.7534728060490288,205
206,"tensor(0.0590, dtype=torch.float64)","tensor(0.1605, dtype=torch.float64)",3,2,0.010745547926897504,3.4819911289667522,206
207,"tensor(0.0590, dtype=torch.float64)","tensor(0.4363, dtype=torch.float64)",3,2,0.030507689347970463,3.5386463695050137,207
208,"tensor(0.0590, dtype=torch.float64)","tensor(1.1860, dtype=torch.float64)",3,2,0.027171491536568948,4.663833451430651,208
209,"tensor(0.0590, dtype=torch.float64)","tensor(3.2238, dtype=torch.float64)",3,2,0.0049130379202059205,5.8757813936834875,209
210,"tensor(0.0590, dtype=torch.float64)","tensor(0.0590, dtype=torch.float64)",3,3,0.0028605424342913483,2.597373628343204,210
211,"tensor(0.0590, dtype=torch.float64)","tensor(0.1605, dtype=torch.float64)",3,3,0.010170113145114804,3.2963207223494715,211
212,"tensor(0.0590, dtype=torch.float64)","tensor(0.4363, dtype=torch.float64)",3,3,0.03198068358710121,3.3239422768277915,212
213,"tensor(0.0590, dtype=torch.float64)","tensor(1.1860, dtype=torch.float64)",3,3,0.028516972594671175,4.709692076045195,213
214,"tensor(0.0590, dtype=torch.float64)","tensor(3.2238, dtype=torch.float64)",3,3,0.0055094460357898445,5.224514309367248,214
215,"tensor(0.0590, dtype=torch.float64)","tensor(0.0590, dtype=torch.float64)",3,4,0.002863429539993547,2.404221809852421,215
216,"tensor(0.0590, dtype=torch.float64)","tensor(0.1605, dtype=torch.float64)",3,4,0.009858050842688648,3.213686082129111,216
217,"tensor(0.0590, dtype=torch.float64)","tensor(0.4363, dtype=torch.float64)",3,4,0.03233557596555356,3.244187568606956,217
218,"tensor(0.0590, dtype=torch.float64)","tensor(1.1860, dtype=torch.float64)",3,4,0.03166750841088212,4.37342181336265,218
219,"tensor(0.0590, dtype=torch.float64)","tensor(3.2238, dtype=torch.float64)",3,4,0.005081219253162406,5.649037817322159,219
220,"tensor(0.1605, dtype=torch.float64)","tensor(0.0590, dtype=torch.float64)",3,1,0.0014972860405358425,9.838688364948457,220
221,"tensor(0.1605, dtype=torch.float64)","tensor(0.1605, dtype=torch.float64)",3,1,0.0010970399398314845,43.844863102642414,221
222,"tensor(0.1605, dtype=torch.float64)","tensor(0.4363, dtype=torch.float64)",3,1,0.004992533597023924,21.298334737388895,222
223,"tensor(0.1605, dtype=torch.float64)","tensor(1.1860, dtype=torch.float64)",3,1,0.003342395078513416,32.61992464204154,223
224,"tensor(0.1605, dtype=torch.float64)","tensor(3.2238, dtype=torch.float64)",3,1,0.0007637149459296388,37.595430023069916,224
225,"tensor(0.1605, dtype=torch.float64)","tensor(0.0590, dtype=torch.float64)",3,2,0.0014947486020245506,5.87257418108711,225
226,"tensor(0.1605, dtype=torch.float64)","tensor(0.1605, dtype=torch.float64)",3,2,0.0018532040734918,20.18984476266841,226
227,"tensor(0.1605, dtype=torch.float64)","tensor(0.4363, dtype=torch.float64)",3,2,0.005232360174345696,20.632357207076687,227
228,"tensor(0.1605, dtype=torch.float64)","tensor(1.1860, dtype=torch.float64)",3,2,0.0034794509037908705,36.4204912376978,228
229,"tensor(0.1605, dtype=torch.float64)","tensor(3.2238, dtype=torch.float64)",3,2,0.0020908730120149377,13.806642790892328,229
230,"tensor(0.1605, dtype=torch.float64)","tensor(0.0590, dtype=torch.float64)",3,3,0.0016482543164263695,4.507737311857316,230
231,"tensor(0.1605, dtype=torch.float64)","tensor(0.1605, dtype=torch.float64)",3,3,0.0017344724541226986,19.328041001283705,231
232,"tensor(0.1605, dtype=torch.float64)","tensor(0.4363, dtype=torch.float64)",3,3,0.005874671522405506,18.094960001013103,232
233,"tensor(0.1605, dtype=torch.float64)","tensor(1.1860, dtype=torch.float64)",3,3,0.00345414928512916,38.882557983274516,233
234,"tensor(0.1605, dtype=torch.float64)","tensor(3.2238, dtype=torch.float64)",3,3,0.0017460534971314168,16.485279344510406,234
235,"tensor(0.1605, dtype=torch.float64)","tensor(0.0590, dtype=torch.float64)",3,4,0.0017948543479087472,3.8355868592063485,235
236,"tensor(0.1605, dtype=torch.float64)","tensor(0.1605, dtype=torch.float64)",3,4,0.0019777233189651536,16.01876283010438,236
237,"tensor(0.1605, dtype=torch.float64)","tensor(0.4363, dtype=torch.float64)",3,4,0.005187168117468194,20.22349597999856,237
238,"tensor(0.1605, dtype=torch.float64)","tensor(1.1860, dtype=torch.float64)",3,4,0.004273787929086004,32.405766115918574,238
239,"tensor(0.1605, dtype=torch.float64)","tensor(3.2238, dtype=torch.float64)",3,4,-0.00016274777005698127,-176.3710784434714,239
240,"tensor(0.4363, dtype=torch.float64)","tensor(0.0590, dtype=torch.float64)",3,1,0.0016858894788958252,8.738016892820301,240
241,"tensor(0.4363, dtype=torch.float64)","tensor(0.1605, dtype=torch.float64)",3,1,0.0008285493401724575,58.05274791484461,241
242,"tensor(0.4363, dtype=torch.float64)","tensor(0.4363, dtype=torch.float64)",3,1,0.0013983345473466413,76.04235477042558,242
243,"tensor(0.4363, dtype=torch.float64)","tensor(1.1860, dtype=torch.float64)",3,1,0.00038238633695741875,285.1270169655126,243
244,"tensor(0.4363, dtype=torch.float64)","tensor(3.2238, dtype=torch.float64)",3,1,0.0018653336924496777,15.39252302335441,244
245,"tensor(0.4363, dtype=torch.float64)","tensor(0.0590, dtype=torch.float64)",3,2,0.0018668505827035536,4.702048535000154,245
246,"tensor(0.4363, dtype=torch.float64)","tensor(0.1605, dtype=torch.float64)",3,2,0.0010099110758292687,37.04870998332289,246
247,"tensor(0.4363, dtype=torch.float64)","tensor(0.4363, dtype=torch.float64)",3,2,0.001300597239749679,83.00488487424462,247
248,"tensor(0.4363, dtype=torch.float64)","tensor(1.1860, dtype=torch.float64)",3,2,0.0014926263558959763,84.89955349706197,248
249,"tensor(0.4363, dtype=torch.float64)","tensor(3.2238, dtype=torch.float64)",3,2,0.0027797854710883696,10.384951320255912,249
250,"tensor(0.4363, dtype=torch.float64)","tensor(0.0590, dtype=torch.float64)",3,3,0.001952012003938389,3.806276532416001,250
251,"tensor(0.4363, dtype=torch.float64)","tensor(0.1605, dtype=torch.float64)",3,3,0.0010298126751479841,32.553449299954764,251
252,"tensor(0.4363, dtype=torch.float64)","tensor(0.4363, dtype=torch.float64)",3,3,0.0011192721066026201,94.97417615425238,252
253,"tensor(0.4363, dtype=torch.float64)","tensor(1.1860, dtype=torch.float64)",3,3,0.0005354042922759983,250.8499871956324,253
254,"tensor(0.4363, dtype=torch.float64)","tensor(3.2238, dtype=torch.float64)",3,3,0.0009309912851769298,30.91777561075712,254
255,"tensor(0.4363, dtype=torch.float64)","tensor(0.0590, dtype=torch.float64)",3,4,0.0019367106108471362,3.554645548214816,255
256,"tensor(0.4363, dtype=torch.float64)","tensor(0.1605, dtype=torch.float64)",3,4,0.0010856594401860084,29.181048510610054,256
257,"tensor(0.4363, dtype=torch.float64)","tensor(0.4363, dtype=torch.float64)",3,4,0.0011448079592933924,91.63342438319837,257
258,"tensor(0.4363, dtype=torch.float64)","tensor(1.1860, dtype=torch.float64)",3,4,0.001553019731945049,89.17811487529603,258
259,"tensor(0.4363, dtype=torch.float64)","tensor(3.2238, dtype=torch.float64)",3,4,-8.817336960253996e-05,-325.5404647526709,259
260,"tensor(1.1860, dtype=torch.float64)","tensor(0.0590, dtype=torch.float64)",3,1,0.0037656167988275348,3.912063158047971,260
261,"tensor(1.1860, dtype=torch.float64)","tensor(0.1605, dtype=torch.float64)",3,1,0.0031492784751620817,15.273201896687464,261
262,"tensor(1.1860, dtype=torch.float64)","tensor(0.4363, dtype=torch.float64)",3,1,0.0014799057345930289,71.85096270088921,262
263,"tensor(1.1860, dtype=torch.float64)","tensor(1.1860, dtype=torch.float64)",3,1,0.00022385468211716386,487.05112867808305,263
264,"tensor(1.1860, dtype=torch.float64)","tensor(3.2238, dtype=torch.float64)",3,1,3.134389463754772e-06,9160.377846879062,264
265,"tensor(1.1860, dtype=torch.float64)","tensor(0.0590, dtype=torch.float64)",3,2,0.0031846293193936066,2.7563716737798774,265
266,"tensor(1.1860, dtype=torch.float64)","tensor(0.1605, dtype=torch.float64)",3,2,0.0036312900178673765,10.303749459074657,266
267,"tensor(1.1860, dtype=torch.float64)","tensor(0.4363, dtype=torch.float64)",3,2,0.0018259588995909737,59.12286644423664,267
268,"tensor(1.1860, dtype=torch.float64)","tensor(1.1860, dtype=torch.float64)",3,2,0.0005701511125439929,222.2626745181298,268
269,"tensor(1.1860, dtype=torch.float64)","tensor(3.2238, dtype=torch.float64)",3,2,0.000704783823880617,40.95998775774583,269
270,"tensor(1.1860, dtype=torch.float64)","tensor(0.0590, dtype=torch.float64)",3,3,0.0029163114251921102,2.54770372512448,270
271,"tensor(1.1860, dtype=torch.float64)","tensor(0.1605, dtype=torch.float64)",3,3,0.003908457753284272,8.577284654211894,271
272,"tensor(1.1860, dtype=torch.float64)","tensor(0.4363, dtype=torch.float64)",3,3,0.0016929502014631503,62.79094690744346,272
273,"tensor(1.1860, dtype=torch.float64)","tensor(1.1860, dtype=torch.float64)",3,3,0.00027433215794586685,489.5749768002883,273
274,"tensor(1.1860, dtype=torch.float64)","tensor(3.2238, dtype=torch.float64)",3,3,0.0006712348486834774,42.88242737564414,274
275,"tensor(1.1860, dtype=torch.float64)","tensor(0.0590, dtype=torch.float64)",3,4,0.002792017284867457,2.46571530496631,275
276,"tensor(1.1860, dtype=torch.float64)","tensor(0.1605, dtype=torch.float64)",3,4,0.003935032875474052,8.050931667566589,276
277,"tensor(1.1860, dtype=torch.float64)","tensor(0.4363, dtype=torch.float64)",3,4,0.0020010023243153263,52.4250633277444,277
278,"tensor(1.1860, dtype=torch.float64)","tensor(1.1860, dtype=torch.float64)",3,4,0.0008558706442295949,161.81811234297274,278
279,"tensor(1.1860, dtype=torch.float64)","tensor(3.2238, dtype=torch.float64)",3,4,-6.720660235437492e-05,-427.1008905920588,279
280,"tensor(3.2238, dtype=torch.float64)","tensor(0.0590, dtype=torch.float64)",3,1,0.008139584770802361,1.8098381134702026,280
281,"tensor(3.2238, dtype=torch.float64)","tensor(0.1605, dtype=torch.float64)",3,1,0.007769044197086572,6.191181921462111,281
282,"tensor(3.2238, dtype=torch.float64)","tensor(0.4363, dtype=torch.float64)",3,1,0.012422008756313135,8.560020671619249,282
283,"tensor(3.2238, dtype=torch.float64)","tensor(1.1860, dtype=torch.float64)",3,1,0.006084367059280615,17.919477001101434,283
284,"tensor(3.2238, dtype=torch.float64)","tensor(3.2238, dtype=torch.float64)",3,1,0.0008026582792248771,35.77137687410086,284
285,"tensor(3.2238, dtype=torch.float64)","tensor(0.0590, dtype=torch.float64)",3,2,0.005675729664041743,1.5465891730323378,285
286,"tensor(3.2238, dtype=torch.float64)","tensor(0.1605, dtype=torch.float64)",3,2,0.009110180588746804,4.107042905775276,286
287,"tensor(3.2238, dtype=torch.float64)","tensor(0.4363, dtype=torch.float64)",3,2,0.015309122125978292,7.051738386095328,287
288,"tensor(3.2238, dtype=torch.float64)","tensor(1.1860, dtype=torch.float64)",3,2,0.00807179639762734,15.69951779145033,288
289,"tensor(3.2238, dtype=torch.float64)","tensor(3.2238, dtype=torch.float64)",3,2,0.0011622972466532877,24.836965656702315,289
290,"tensor(3.2238, dtype=torch.float64)","tensor(0.0590, dtype=torch.float64)",3,3,0.004691366872261049,1.583738318466684,290
291,"tensor(3.2238, dtype=torch.float64)","tensor(0.1605, dtype=torch.float64)",3,3,0.01013868726138556,3.3065380008870378,291
292,"tensor(3.2238, dtype=torch.float64)","tensor(0.4363, dtype=torch.float64)",3,3,0.01587503590158451,6.696170444969402,292
293,"tensor(3.2238, dtype=torch.float64)","tensor(1.1860, dtype=torch.float64)",3,3,0.008198770168118041,16.38125683583464,293
294,"tensor(3.2238, dtype=torch.float64)","tensor(3.2238, dtype=torch.float64)",3,3,0.0011504696075554932,25.019504610670293,294
295,"tensor(3.2238, dtype=torch.float64)","tensor(0.0590, dtype=torch.float64)",3,4,0.004306537325853442,1.5985742674745955,295
296,"tensor(3.2238, dtype=torch.float64)","tensor(0.1605, dtype=torch.float64)",3,4,0.012001876632124105,2.639643929123006,296
297,"tensor(3.2238, dtype=torch.float64)","tensor(0.4363, dtype=torch.float64)",3,4,0.016445109905907224,6.378958497170808,297
298,"tensor(3.2238, dtype=torch.float64)","tensor(1.1860, dtype=torch.float64)",3,4,0.0076686066676247555,18.060043768276103,298
299,"tensor(3.2238, dtype=torch.float64)","tensor(3.2238, dtype=torch.float64)",3,4,0.001113895899229167,25.769014626127532,299
300,"tensor(0.0590, dtype=torch.float64)","tensor(0.0590, dtype=torch.float64)",4,1,0.003844510174536124,3.831783524359435,300
301,"tensor(0.0590, dtype=torch.float64)","tensor(0.1605, dtype=torch.float64)",4,1,0.01347473334744538,3.569611712513889,301
302,"tensor(0.0590, dtype=torch.float64)","tensor(0.4363, dtype=torch.float64)",4,1,0.0344336977755029,3.0880404547409315,302
303,"tensor(0.0590, dtype=torch.float64)","tensor(1.1860, dtype=torch.float64)",4,1,0.030559434225236215,3.56775831585918,303
304,"tensor(0.0590, dtype=torch.float64)","tensor(3.2238, dtype=torch.float64)",4,1,0.006068172259115823,4.731604605346839,304
305,"tensor(0.0590, dtype=torch.float64)","tensor(0.0590, dtype=torch.float64)",4,2,0.0032057253829496975,2.7382326927169505,305
306,"tensor(0.0590, dtype=torch.float64)","tensor(0.1605, dtype=torch.float64)",4,2,0.01188857855082319,3.1472141431705,306
307,"tensor(0.0590, dtype=torch.float64)","tensor(0.4363, dtype=torch.float64)",4,2,0.03606306766151668,2.9935313647314445,307
308,"tensor(0.0590, dtype=torch.float64)","tensor(1.1860, dtype=torch.float64)",4,2,0.03257762920681628,3.889887454640208,308
309,"tensor(0.0590, dtype=torch.float64)","tensor(3.2238, dtype=torch.float64)",4,2,0.005860734323871575,4.925651838614199,309
310,"tensor(0.0590, dtype=torch.float64)","tensor(0.0590, dtype=torch.float64)",4,3,0.0032030382190400223,2.319640595425622,310
311,"tensor(0.0590, dtype=torch.float64)","tensor(0.1605, dtype=torch.float64)",4,3,0.010728326388431159,3.1248074951402565,311
312,"tensor(0.0590, dtype=torch.float64)","tensor(0.4363, dtype=torch.float64)",4,3,0.03650370200296807,2.9120867305013367,312
313,"tensor(0.0590, dtype=torch.float64)","tensor(1.1860, dtype=torch.float64)",4,3,0.032154040294182396,4.176960613133918,313
314,"tensor(0.0590, dtype=torch.float64)","tensor(3.2238, dtype=torch.float64)",4,3,0.006405385191480262,4.493746869268104,314
315,"tensor(0.0590, dtype=torch.float64)","tensor(0.0590, dtype=torch.float64)",4,4,0.0029326712616899366,2.3474570235537127,315
316,"tensor(0.0590, dtype=torch.float64)","tensor(0.1605, dtype=torch.float64)",4,4,0.0101499634317219,3.1212605841571164,316
317,"tensor(0.0590, dtype=torch.float64)","tensor(0.4363, dtype=torch.float64)",4,4,0.036199651667957355,2.89789179557357,317
318,"tensor(0.0590, dtype=torch.float64)","tensor(1.1860, dtype=torch.float64)",4,4,0.034882677508152715,3.9703194236345003,318
319,"tensor(0.0590, dtype=torch.float64)","tensor(3.2238, dtype=torch.float64)",4,4,0.006133067627344557,4.680202708224154,319
320,"tensor(0.1605, dtype=torch.float64)","tensor(0.0590, dtype=torch.float64)",4,1,0.0015329150233199633,9.610011332601367,320
321,"tensor(0.1605, dtype=torch.float64)","tensor(0.1605, dtype=torch.float64)",4,1,0.0012912439194779912,37.2505653304355,321
322,"tensor(0.1605, dtype=torch.float64)","tensor(0.4363, dtype=torch.float64)",4,1,0.005632686817631932,18.877785181349676,322
323,"tensor(0.1605, dtype=torch.float64)","tensor(1.1860, dtype=torch.float64)",4,1,0.004015744664624954,27.150300801114497,323
324,"tensor(0.1605, dtype=torch.float64)","tensor(3.2238, dtype=torch.float64)",4,1,0.00022501373298400296,127.60195311861972,324
325,"tensor(0.1605, dtype=torch.float64)","tensor(0.0590, dtype=torch.float64)",4,2,0.0014977855343762687,5.860666861842079,325
326,"tensor(0.1605, dtype=torch.float64)","tensor(0.1605, dtype=torch.float64)",4,2,0.002051671786462865,18.23678758182378,326
327,"tensor(0.1605, dtype=torch.float64)","tensor(0.4363, dtype=torch.float64)",4,2,0.005558061501435452,19.423305072335243,327
328,"tensor(0.1605, dtype=torch.float64)","tensor(1.1860, dtype=torch.float64)",4,2,0.0037436958101215723,33.849788439248194,328
329,"tensor(0.1605, dtype=torch.float64)","tensor(3.2238, dtype=torch.float64)",4,2,-3.236602534884003e-05,-891.9209722809528,329
330,"tensor(0.1605, dtype=torch.float64)","tensor(0.0590, dtype=torch.float64)",4,3,0.0015933287168577292,4.663129085025114,330
331,"tensor(0.1605, dtype=torch.float64)","tensor(0.1605, dtype=torch.float64)",4,3,0.002072384105423264,16.176516033466562,331
332,"tensor(0.1605, dtype=torch.float64)","tensor(0.4363, dtype=torch.float64)",4,3,0.00616503831842774,17.24270648882656,332
333,"tensor(0.1605, dtype=torch.float64)","tensor(1.1860, dtype=torch.float64)",4,3,0.003838452472117282,34.989663370206536,333
334,"tensor(0.1605, dtype=torch.float64)","tensor(3.2238, dtype=torch.float64)",4,3,0.0005667641816069491,50.78687147987861,334
335,"tensor(0.1605, dtype=torch.float64)","tensor(0.0590, dtype=torch.float64)",4,4,0.0018014707975649268,3.8214994993722913,335
336,"tensor(0.1605, dtype=torch.float64)","tensor(0.1605, dtype=torch.float64)",4,4,0.002035186846140749,15.566472852428557,336
337,"tensor(0.1605, dtype=torch.float64)","tensor(0.4363, dtype=torch.float64)",4,4,0.00559903314200072,18.735855086171096,337
338,"tensor(0.1605, dtype=torch.float64)","tensor(1.1860, dtype=torch.float64)",4,4,0.004089937642876962,33.86246543396589,338
339,"tensor(0.1605, dtype=torch.float64)","tensor(3.2238, dtype=torch.float64)",4,4,4.986386391170328e-05,575.6473218771746,339
340,"tensor(0.4363, dtype=torch.float64)","tensor(0.0590, dtype=torch.float64)",4,1,0.0017079962763345592,8.624919708627157,340
341,"tensor(0.4363, dtype=torch.float64)","tensor(0.1605, dtype=torch.float64)",4,1,0.0008406523929636589,57.21695005288807,341
342,"tensor(0.4363, dtype=torch.float64)","tensor(0.4363, dtype=torch.float64)",4,1,0.0012931829015699614,82.22553175423589,342
343,"tensor(0.4363, dtype=torch.float64)","tensor(1.1860, dtype=torch.float64)",4,1,0.0006031419677805516,180.76784805116952,343
344,"tensor(0.4363, dtype=torch.float64)","tensor(3.2238, dtype=torch.float64)",4,1,0.0011456070261426365,25.06286287711322,344
345,"tensor(0.4363, dtype=torch.float64)","tensor(0.0590, dtype=torch.float64)",4,2,0.001889897400856412,4.644708248970364,345
346,"tensor(0.4363, dtype=torch.float64)","tensor(0.1605, dtype=torch.float64)",4,2,0.001021805598142099,36.61743743171476,346
347,"tensor(0.4363, dtype=torch.float64)","tensor(0.4363, dtype=torch.float64)",4,2,0.0012428332760717753,86.86275643857789,347
348,"tensor(0.4363, dtype=torch.float64)","tensor(1.1860, dtype=torch.float64)",4,2,0.0009212245721168522,137.55962985477223,348
349,"tensor(0.4363, dtype=torch.float64)","tensor(3.2238, dtype=torch.float64)",4,2,0.004950018441953641,5.831884696294981,349
350,"tensor(0.4363, dtype=torch.float64)","tensor(0.0590, dtype=torch.float64)",4,3,0.0019879160545744345,3.7375307998986833,350
351,"tensor(0.4363, dtype=torch.float64)","tensor(0.1605, dtype=torch.float64)",4,3,0.0010450362004132407,32.079228160349125,351
352,"tensor(0.4363, dtype=torch.float64)","tensor(0.4363, dtype=torch.float64)",4,3,0.0017139249677670665,62.02252036476868,352
353,"tensor(0.4363, dtype=torch.float64)","tensor(1.1860, dtype=torch.float64)",4,3,0.0009787005802098236,137.2290592012594,353
354,"tensor(0.4363, dtype=torch.float64)","tensor(3.2238, dtype=torch.float64)",4,3,0.0011860878434337696,24.268168508783805,354
355,"tensor(0.4363, dtype=torch.float64)","tensor(0.0590, dtype=torch.float64)",4,4,0.0019663759223628816,3.501019145289206,355
356,"tensor(0.4363, dtype=torch.float64)","tensor(0.1605, dtype=torch.float64)",4,4,0.001031727483010024,30.706442652513758,356
357,"tensor(0.4363, dtype=torch.float64)","tensor(0.4363, dtype=torch.float64)",4,4,0.0011934131133804482,87.90139172683348,357
358,"tensor(0.4363, dtype=torch.float64)","tensor(1.1860, dtype=torch.float64)",4,4,0.0018673443175230564,74.16702466672272,358
359,"tensor(0.4363, dtype=torch.float64)","tensor(3.2238, dtype=torch.float64)",4,4,-0.00011308941099263947,-253.8168646142132,359
360,"tensor(1.1860, dtype=torch.float64)","tensor(0.0590, dtype=torch.float64)",4,1,0.003819819347519921,3.856551686294874,360
361,"tensor(1.1860, dtype=torch.float64)","tensor(0.1605, dtype=torch.float64)",4,1,0.0032323573721802223,14.880646055420348,361
362,"tensor(1.1860, dtype=torch.float64)","tensor(0.4363, dtype=torch.float64)",4,1,0.0016154515894654387,65.82224588497994,362
363,"tensor(1.1860, dtype=torch.float64)","tensor(1.1860, dtype=torch.float64)",4,1,0.00040502452637358743,269.1903045013922,363
364,"tensor(1.1860, dtype=torch.float64)","tensor(3.2238, dtype=torch.float64)",4,1,0.0003355045462078987,85.57914380533778,364
365,"tensor(1.1860, dtype=torch.float64)","tensor(0.0590, dtype=torch.float64)",4,2,0.003207829284464909,2.736436782959811,365
366,"tensor(1.1860, dtype=torch.float64)","tensor(0.1605, dtype=torch.float64)",4,2,0.003769389170545999,9.92625087632553,366
367,"tensor(1.1860, dtype=torch.float64)","tensor(0.4363, dtype=torch.float64)",4,2,0.0020790270744011075,51.92617522033986,367
368,"tensor(1.1860, dtype=torch.float64)","tensor(1.1860, dtype=torch.float64)",4,2,0.0034215243252403438,37.03709198227415,368
369,"tensor(1.1860, dtype=torch.float64)","tensor(3.2238, dtype=torch.float64)",4,2,0.0016868854187120919,17.113158059097778,369
370,"tensor(1.1860, dtype=torch.float64)","tensor(0.0590, dtype=torch.float64)",4,3,0.002935915197045313,2.5306921293443434,370
371,"tensor(1.1860, dtype=torch.float64)","tensor(0.1605, dtype=torch.float64)",4,3,0.004088410832095005,8.199751953915591,371
372,"tensor(1.1860, dtype=torch.float64)","tensor(0.4363, dtype=torch.float64)",4,3,0.0019987853033720526,53.18327388023195,372
373,"tensor(1.1860, dtype=torch.float64)","tensor(1.1860, dtype=torch.float64)",4,3,0.0005366369431248352,250.27378674277705,373
374,"tensor(1.1860, dtype=torch.float64)","tensor(3.2238, dtype=torch.float64)",4,3,0.0001842162927230273,156.25208403226455,374
375,"tensor(1.1860, dtype=torch.float64)","tensor(0.0590, dtype=torch.float64)",4,4,0.0028111843876796085,2.44890366537308,375
376,"tensor(1.1860, dtype=torch.float64)","tensor(0.1605, dtype=torch.float64)",4,4,0.004148404533794968,7.636834964378009,376
377,"tensor(1.1860, dtype=torch.float64)","tensor(0.4363, dtype=torch.float64)",4,4,0.001686960936386095,62.184411807379064,377
378,"tensor(1.1860, dtype=torch.float64)","tensor(1.1860, dtype=torch.float64)",4,4,0.00035466651910182057,390.49463256281217,378
379,"tensor(1.1860, dtype=torch.float64)","tensor(3.2238, dtype=torch.float64)",4,4,0.0011216127952464738,25.591719210828188,379
380,"tensor(3.2238, dtype=torch.float64)","tensor(0.0590, dtype=torch.float64)",4,1,0.008308340745599049,1.7730773444532788,380
381,"tensor(3.2238, dtype=torch.float64)","tensor(0.1605, dtype=torch.float64)",4,1,0.007751107811344082,6.2055085738385305,381
382,"tensor(3.2238, dtype=torch.float64)","tensor(0.4363, dtype=torch.float64)",4,1,0.013112701592953552,8.10913380307658,382
383,"tensor(3.2238, dtype=torch.float64)","tensor(1.1860, dtype=torch.float64)",4,1,0.007386475231631384,14.760582302928533,383
384,"tensor(3.2238, dtype=torch.float64)","tensor(3.2238, dtype=torch.float64)",4,1,0.0009725479187583375,29.52264999335717,384
385,"tensor(3.2238, dtype=torch.float64)","tensor(0.0590, dtype=torch.float64)",4,2,0.005688700147009444,1.5430628826657427,385
386,"tensor(3.2238, dtype=torch.float64)","tensor(0.1605, dtype=torch.float64)",4,2,0.008975432234017582,4.168702028135762,386
387,"tensor(3.2238, dtype=torch.float64)","tensor(0.4363, dtype=torch.float64)",4,2,0.015102245675877202,7.148335848199074,387
388,"tensor(3.2238, dtype=torch.float64)","tensor(1.1860, dtype=torch.float64)",4,2,0.009051454778580048,14.000325279578416,388
389,"tensor(3.2238, dtype=torch.float64)","tensor(3.2238, dtype=torch.float64)",4,2,0.0009442206716095969,30.573294639691255,389
390,"tensor(3.2238, dtype=torch.float64)","tensor(0.0590, dtype=torch.float64)",4,3,0.004709809132588047,1.577536853919658,390
391,"tensor(3.2238, dtype=torch.float64)","tensor(0.1605, dtype=torch.float64)",4,3,0.009866817245714962,3.3976462595818044,391
392,"tensor(3.2238, dtype=torch.float64)","tensor(0.4363, dtype=torch.float64)",4,3,0.016835790445701992,6.31404545927668,392
393,"tensor(3.2238, dtype=torch.float64)","tensor(1.1860, dtype=torch.float64)",4,3,0.007888818339498893,17.02487674097615,393
394,"tensor(3.2238, dtype=torch.float64)","tensor(3.2238, dtype=torch.float64)",4,3,0.0010136602973367381,28.39627804926111,394
395,"tensor(3.2238, dtype=torch.float64)","tensor(0.0590, dtype=torch.float64)",4,4,0.0043129084067948,1.596212834054677,395
396,"tensor(3.2238, dtype=torch.float64)","tensor(0.1605, dtype=torch.float64)",4,4,0.01150999130072828,2.7524504547683812,396
397,"tensor(3.2238, dtype=torch.float64)","tensor(0.4363, dtype=torch.float64)",4,4,0.015908413264089954,6.594163216012965,397
398,"tensor(3.2238, dtype=torch.float64)","tensor(1.1860, dtype=torch.float64)",4,4,0.007398508637367296,18.71936343488268,398
399,"tensor(3.2238, dtype=torch.float64)","tensor(3.2238, dtype=torch.float64)",4,4,0.0006073470726384311,47.261279443604224,399
